1152,12,Yes,Yes,6,0,,,,,2
463,12,Yes,Yes,5,1,,,,,1
122,12,Yes,Yes,11,1,,,,,1
272,12,Yes,Yes,13,1,,,,,0
31,12,Yes,Yes,9,3,,,,,6
190,12,Yes,Yes,13,3,,,,,0
352,12,Yes,Yes,2,4,,,,,1
1275,12,Yes,Yes,2,4,,,,,1
206,12,Yes,Yes,7,5,,,,,1
175,12,Yes,Yes,8,5,,,,,1
309,12,Yes,Yes,16,5,,,,,13
518,12,Yes,Yes,16,5,,,,,13
148,12,Yes,Yes,2,6,,,,,2
1140,12,Yes,Yes,10,6,,,,,0
146,12,Yes,Yes,5,7,,,,,0
1164,12,Yes,Yes,9,7,,,,,4
398,12,Yes,Yes,16,7,,,,,8
289,12,Yes,Yes,8,8,,,,,15
297,12,Yes,Yes,9,8,,,,,2
451,12,Yes,Yes,11,8,,,,,2
256,12,Yes,Yes,7,9,,,,,1
129,12,Yes,Yes,8,9,,,,,0
258,12,Yes,Yes,14,9,,,,,2
1567,12,Yes,Yes,18,9,,,,,0
1281,12,Yes,Yes,16,10,,,,,15
197,12,Yes,Yes,4,11,,,,,4
1396,12,Yes,Yes,5,11,,,,,0
1443,12,Yes,Yes,4,12,,,,,12
436,12,Yes,Yes,10,12,,,,,0
1227,12,Yes,Yes,10,12,,,,,3
1112,12,Yes,Yes,13,14,,,,,0
1219,12,Yes,Yes,5,15,,,,,0
412,12,Yes,Yes,14,15,,,,,5
456,12,Yes,Yes,16,15,,,,,4
340,12,Yes,Yes,5,17,,,,,1
851,12,Yes,Yes,2,18,,,,,0
355,12,Yes,Yes,3,18,,,,,1
65,12,Yes,Yes,10,18,,,,,14
307,12,Yes,Yes,20,19,,,,,2
195,12,Yes,Yes,4,20,,,,,0
1335,12,Yes,Yes,21,20,,,,,11
1265,12,Yes,Yes,15,21,,,,,2
111,12,Yes,Yes,16,21,,,,,14
133,12,Yes,Yes,21,21,,,,,1
325,12,Yes,Yes,6,22,,,,,0
881,12,Yes,Yes,9,22,,,,,1
1263,12,Yes,Yes,14,22,,,,,2
223,12,Yes,Yes,4,23,,,,,1
537,12,Yes,Yes,9,23,,,,,4
1548,12,Yes,Yes,15,23,,,,,8
15,12,Yes,Yes,10,24,,,,,4
407,12,Yes,Yes,15,24,,,,,15
1502,12,Yes,Yes,15,24,,,,,1
1320,12,Yes,Yes,5,25,,,,,1
184,12,Yes,Yes,10,25,,,,,9
369,12,Yes,Yes,11,25,,,,,0
1526,12,Yes,Yes,10,27,,,,,0
1093,12,Yes,Yes,11,27,,,,,8
1401,12,Yes,Yes,11,28,,,,,18
239,12,Yes,Yes,10,29,,,,,1
1042,12,Yes,Yes,15,30,,,,,2
424,12,Yes,Yes,18,30,,,,,12
520,12,Yes,Yes,23,30,,,,,15
170,12,Yes,Yes,14,31,,,,,8
341,12,Yes,Yes,19,31,,,,,5
196,12,Yes,Yes,3,32,,,,,0
1113,12,Yes,Yes,7,34,,,,,13
139,12,Yes,Yes,9,34,,,,,4
171,12,Yes,Yes,14,34,,,,,0
1290,12,Yes,Yes,5,35,,,,,17
192,12,Yes,Yes,11,35,,,,,10
254,12,Yes,Yes,16,35,,,,,1
473,12,Yes,Yes,18,35,,,,,10
221,12,Yes,Yes,14,36,,,,,2
364,12,Yes,Yes,2,37,,,,,0
382,12,Yes,Yes,14,37,,,,,5
1181,12,Yes,Yes,18,37,,,,,13
294,12,Yes,Yes,5,38,,,,,1
242,12,Yes,Yes,4,39,,,,,2
164,12,Yes,Yes,10,39,,,,,9
267,12,Yes,Yes,16,39,,,,,12
790,12,Yes,Yes,4,41,,,,,4
169,12,Yes,Yes,5,42,,,,,2
296,12,Yes,Yes,2,44,,,,,5
971,12,Yes,Yes,11,44,,,,,11
95,12,Yes,Yes,4,45,,,,,4
475,12,Yes,Yes,19,46,,,,,17
204,12,Yes,Yes,2,47,,,,,10
1168,12,Yes,Yes,15,48,,,,,14
124,12,Yes,Yes,16,48,,,,,3
1235,12,Yes,Yes,8,50,,,,,4
308,12,Yes,Yes,8,51,,,,,6
354,12,Yes,Yes,8,52,,,,,6
379,12,Yes,Yes,14,52,,,,,5
316,12,Yes,Yes,17,54,,,,,16
454,12,Yes,Yes,13,55,,,,,5
201,12,Yes,Yes,11,56,,,,,11
402,12,Yes,Yes,16,57,,,,,3
132,12,Yes,Yes,4,58,,,,,10
1585,12,Yes,Yes,13,59,,,,,15
324,12,Yes,Yes,9,60,,,,,17
461,12,Yes,Yes,5,61,,,,,2
300,12,Yes,Yes,17,61,,,,,7
126,12,Yes,Yes,6,62,,,,,4
428,12,Yes,Yes,2,63,,,,,2
938,12,Yes,Yes,15,65,,,,,10
1684,12,Yes,Yes,2,68,,,,,5
860,12,Yes,Yes,7,69,,,,,19
443,12,Yes,Yes,10,69,,,,,13
1221,12,Yes,Yes,17,70,,,,,0
1292,12,Yes,Yes,9,72,,,,,12
1106,12,Yes,Yes,11,73,,,,,10
138,12,Yes,Yes,9,74,,,,,17
336,12,Yes,Yes,14,78,,,,,12
437,12,Yes,Yes,9,79,,,,,14
61,12,Yes,Yes,9,80,,,,,2
265,12,Yes,Yes,7,84,,,,,10
1234,12,Yes,Yes,7,84,,,,,12
130,12,Yes,Yes,14,85,,,,,16
112,12,Yes,Yes,11,90,,,,,4
417,12,Yes,Yes,20,90,,,,,14
182,12,Yes,Yes,2,106,,,,,5
1103,12,Yes,Yes,9,135,,,,,12
1060,12,Yes,Yes,19,286,,,,,12
102,12,Yes,No,2,0,,,,,1
331,12,Yes,No,5,0,,,,,3
404,12,Yes,No,5,0,,,,,0
275,12,Yes,No,15,0,,,,,0
37,12,Yes,No,3,1,,,,,0
894,12,Yes,No,4,1,,,,,0
466,12,Yes,No,7,1,,,,,11
225,12,Yes,No,8,1,,,,,0
440,12,Yes,No,2,2,,,,,0
1440,12,Yes,No,3,2,,,,,0
1130,12,Yes,No,16,2,,,,,4
1595,12,Yes,No,2,3,,,,,0
142,12,Yes,No,5,3,,,,,0
1522,12,Yes,No,9,6,,,,,12
141,12,Yes,No,2,7,,,,,0
1574,12,Yes,No,2,7,,,,,0
178,12,Yes,No,3,7,,,,,0
295,12,Yes,No,3,7,,,,,1
1196,12,Yes,No,4,7,,,,,0
224,12,Yes,No,5,7,,,,,0
1540,12,Yes,No,11,7,,,,,0
1681,12,Yes,No,18,7,,,,,10
434,12,Yes,No,2,8,,,,,1
1080,12,Yes,No,5,8,,,,,3
1382,12,Yes,No,7,8,,,,,6
1623,12,Yes,No,7,8,,,,,0
252,12,Yes,No,11,8,,,,,6
435,12,Yes,No,4,11,,,,,6
261,12,Yes,No,4,13,,,,,0
159,12,Yes,No,11,13,,,,,1
248,12,Yes,No,4,14,,,,,13
282,12,Yes,No,7,14,,,,,1
495,12,Yes,No,8,14,,,,,0
914,12,Yes,No,3,15,,,,,9
1174,12,Yes,No,17,15,,,,,2
123,12,Yes,No,2,17,,,,,6
284,12,Yes,No,6,17,,,,,2
1083,12,Yes,No,8,17,,,,,7
1713,12,Yes,No,8,17,,,,,1
1467,12,Yes,No,13,17,,,,,10
332,12,Yes,No,8,18,,,,,0
1232,12,Yes,No,14,18,,,,,11
234,12,Yes,No,15,19,,,,,3
188,12,Yes,No,2,20,,,,,0
414,12,Yes,No,8,20,,,,,1
137,12,Yes,No,10,20,,,,,0
374,12,Yes,No,5,21,,,,,5
1551,12,Yes,No,2,22,,,,,2
1519,12,Yes,No,4,22,,,,,0
499,12,Yes,No,9,22,,,,,0
474,12,Yes,No,12,23,,,,,0
425,12,Yes,No,6,24,,,,,2
1153,12,Yes,No,11,25,,,,,7
100,12,Yes,No,9,27,,,,,5
134,12,Yes,No,14,27,,,,,0
486,12,Yes,No,18,27,,,,,5
390,12,Yes,No,2,28,,,,,10
109,12,Yes,No,4,28,,,,,0
389,12,Yes,No,11,29,,,,,2
262,12,Yes,No,2,30,,,,,7
923,12,Yes,No,5,30,,,,,14
165,12,Yes,No,8,31,,,,,0
408,12,Yes,No,10,31,,,,,2
51,12,Yes,No,5,32,,,,,3
156,12,Yes,No,4,33,,,,,17
203,12,Yes,No,7,33,,,,,7
400,12,Yes,No,14,33,,,,,18
1568,12,Yes,No,4,34,,,,,2
1184,12,Yes,No,4,35,,,,,3
963,12,Yes,No,7,36,,,,,13
312,12,Yes,No,8,36,,,,,0
342,12,Yes,No,10,36,,,,,0
293,12,Yes,No,15,36,,,,,3
154,12,Yes,No,6,37,,,,,1
363,12,Yes,No,9,37,,,,,7
1075,12,Yes,No,11,37,,,,,18
205,12,Yes,No,2,38,,,,,10
1199,12,Yes,No,20,38,,,,,13
113,12,Yes,No,4,39,,,,,8
5,12,Yes,No,11,39,,,,,1
47,12,Yes,No,21,40,,,,,2
1412,12,Yes,No,11,41,,,,,1
333,12,Yes,No,15,41,,,,,11
1547,12,Yes,No,10,42,,,,,8
127,12,Yes,No,14,42,,,,,8
1173,12,Yes,No,15,42,,,,,2
882,12,Yes,No,13,43,,,,,11
218,12,Yes,No,5,45,,,,,3
50,12,Yes,No,9,45,,,,,1
241,12,Yes,No,4,46,,,,,0
311,12,Yes,No,7,46,,,,,5
1118,12,Yes,No,8,46,,,,,16
264,12,Yes,No,10,47,,,,,14
98,12,Yes,No,20,47,,,,,13
259,12,Yes,No,4,48,,,,,0
1262,12,Yes,No,19,48,,,,,19
162,12,Yes,No,4,50,,,,,2
1171,12,Yes,No,6,50,,,,,21
174,12,Yes,No,13,50,,,,,0
1117,12,Yes,No,5,51,,,,,5
401,12,Yes,No,6,51,,,,,9
1670,12,Yes,No,14,51,,,,,3
158,12,Yes,No,16,51,,,,,3
217,12,Yes,No,3,53,,,,,2
13,12,Yes,No,9,53,,,,,15
1553,12,Yes,No,5,54,,,,,7
1307,12,Yes,No,4,56,,,,,0
220,12,Yes,No,10,56,,,,,0
212,12,Yes,No,16,56,,,,,5
166,12,Yes,No,19,57,,,,,1
1471,12,Yes,No,15,58,,,,,9
885,12,Yes,No,9,60,,,,,3
245,12,Yes,No,23,60,,,,,17
375,12,Yes,No,7,61,,,,,6
1663,12,Yes,No,7,62,,,,,9
338,12,Yes,No,8,62,,,,,2
365,12,Yes,No,5,65,,,,,11
920,12,Yes,No,12,65,,,,,3
301,12,Yes,No,8,70,,,,,11
67,12,Yes,No,20,72,,,,,8
279,12,Yes,No,12,73,,,,,9
209,12,Yes,No,2,74,,,,,2
330,12,Yes,No,9,74,,,,,6
213,12,Yes,No,15,77,,,,,1
1284,12,Yes,No,14,79,,,,,7
1296,12,Yes,No,9,80,,,,,1
482,12,Yes,No,18,80,,,,,13
1354,12,Yes,No,5,81,,,,,9
303,12,Yes,No,10,82,,,,,15
1318,12,Yes,No,3,83,,,,,12
167,12,Yes,No,8,85,,,,,16
96,12,Yes,No,13,85,,,,,6
1074,12,Yes,No,14,85,,,,,7
1334,12,Yes,No,4,86,,,,,15
211,12,Yes,No,5,86,,,,,16
1088,12,Yes,No,9,87,,,,,6
145,12,Yes,No,18,87,,,,,12
455,12,Yes,No,11,97,,,,,0
1421,12,Yes,No,5,100,,,,,11
191,12,Yes,No,18,100,,,,,12
405,12,Yes,No,2,104,,,,,9
1388,12,Yes,No,20,105,,,,,6
541,12,Yes,No,4,116,,,,,11
91,12,Yes,No,16,121,,,,,6
1149,12,Yes,No,19,122,,,,,8
491,12,Yes,No,6,126,,,,,2
1122,12,Yes,No,16,131,,,,,21
1105,12,Yes,No,2,143,,,,,2
177,12,Yes,No,19,184,,,,,18
1673,12,Yes,No,11,229,,,,,20
101,12,No,Yes,5,0,,,,,0
277,12,No,Yes,5,0,,,,,0
93,12,No,Yes,10,0,,,,,0
62,12,No,Yes,11,0,,,,,0
185,12,No,Yes,11,0,,,,,8
1418,12,No,Yes,13,0,,,,,0
1594,12,No,Yes,15,0,,,,,0
11,12,No,Yes,17,0,,,,,2
1038,12,No,Yes,23,0,,,,,0
310,12,No,Yes,4,1,,,,,0
8,12,No,Yes,8,1,,,,,6
1220,12,No,Yes,13,1,,,,,0
1101,12,No,Yes,20,1,,,,,0
1366,12,No,Yes,5,2,,,,,1
82,12,No,Yes,17,2,,,,,0
1428,12,No,Yes,9,3,,,,,3
1596,12,No,Yes,18,3,,,,,2
399,12,No,Yes,23,3,,,,,3
1613,12,No,Yes,19,4,,,,,10
1476,12,No,Yes,21,4,,,,,10
1749,12,No,Yes,11,5,,,,,2
1048,12,No,Yes,14,5,,,,,6
108,12,No,Yes,21,5,,,,,2
681,12,No,Yes,3,6,,,,,2
250,12,No,Yes,11,6,,,,,4
270,12,No,Yes,13,6,,,,,3
1192,12,No,Yes,19,6,,,,,4
107,12,No,Yes,22,6,,,,,0
1413,12,No,Yes,23,6,,,,,3
160,12,No,Yes,4,7,,,,,6
1578,12,No,Yes,4,7,,,,,3
1605,12,No,Yes,17,7,,,,,11
1035,12,No,Yes,17,8,,,,,0
1615,12,No,Yes,9,9,,,,,2
1517,12,No,Yes,14,9,,,,,0
386,12,No,Yes,19,9,,,,,11
501,12,No,Yes,21,9,,,,,12
118,12,No,Yes,5,10,,,,,12
384,12,No,Yes,5,10,,,,,0
1627,12,No,Yes,5,10,,,,,2
1125,12,No,Yes,9,10,,,,,3
1082,12,No,Yes,5,11,,,,,7
233,12,No,Yes,20,11,,,,,2
1039,12,No,Yes,8,12,,,,,1
1381,12,No,Yes,16,12,,,,,8
1094,12,No,Yes,18,12,,,,,7
1395,12,No,Yes,10,14,,,,,3
471,12,No,Yes,15,14,,,,,8
1590,12,No,Yes,11,15,,,,,5
1194,12,No,Yes,15,15,,,,,0
63,12,No,Yes,2,16,,,,,0
230,12,No,Yes,5,16,,,,,0
1256,12,No,Yes,13,16,,,,,8
358,12,No,Yes,14,16,,,,,7
480,12,No,Yes,8,17,,,,,6
1059,12,No,Yes,16,17,,,,,6
207,12,No,Yes,7,18,,,,,0
298,12,No,Yes,8,18,,,,,2
426,12,No,Yes,10,19,,,,,2
337,12,No,Yes,15,19,,,,,1
1363,12,No,Yes,16,19,,,,,19
1514,12,No,Yes,18,19,,,,,2
370,12,No,Yes,2,20,,,,,2
376,12,No,Yes,10,20,,,,,1
1609,12,No,Yes,12,21,,,,,0
119,12,No,Yes,20,22,,,,,3
1237,12,No,Yes,7,23,,,,,0
1460,12,No,Yes,4,24,,,,,10
290,12,No,Yes,19,24,,,,,4
362,12,No,Yes,8,25,,,,,17
116,12,No,Yes,13,25,,,,,3
359,12,No,Yes,20,25,,,,,0
276,12,No,Yes,8,26,,,,,8
180,12,No,Yes,2,27,,,,,0
328,12,No,Yes,4,27,,,,,16
393,12,No,Yes,11,27,,,,,18
447,12,No,Yes,20,27,,,,,7
147,12,No,Yes,26,27,,,,,17
318,12,No,Yes,21,28,,,,,0
1619,12,No,Yes,24,28,,,,,19
1446,12,No,Yes,8,29,,,,,3
237,12,No,Yes,11,29,,,,,0
498,12,No,Yes,19,30,,,,,16
1765,12,No,Yes,21,30,,,,,7
106,12,No,Yes,2,31,,,,,1
441,12,No,Yes,15,31,,,,,1
1132,12,No,Yes,19,31,,,,,9
410,12,No,Yes,11,32,,,,,1
1448,12,No,Yes,19,32,,,,,0
346,12,No,Yes,21,33,,,,,10
415,12,No,Yes,14,34,,,,,9
445,12,No,Yes,11,36,,,,,16
511,12,No,Yes,16,36,,,,,5
44,12,No,Yes,5,37,,,,,5
200,12,No,Yes,13,37,,,,,13
460,12,No,Yes,14,37,,,,,0
285,12,No,Yes,5,38,,,,,0
1392,12,No,Yes,18,38,,,,,13
150,12,No,Yes,18,39,,,,,9
33,12,No,Yes,20,39,,,,,1
496,12,No,Yes,23,40,,,,,6
1238,12,No,Yes,19,43,,,,,14
1617,12,No,Yes,23,43,,,,,5
90,12,No,Yes,24,43,,,,,31
643,12,No,Yes,10,44,,,,,0
602,12,No,Yes,13,44,,,,,10
1570,12,No,Yes,13,44,,,,,14
357,12,No,Yes,9,45,,,,,5
1573,12,No,Yes,8,46,,,,,4
1063,12,No,Yes,23,47,,,,,22
1667,12,No,Yes,7,48,,,,,8
1360,12,No,Yes,10,48,,,,,0
1509,12,No,Yes,14,49,,,,,12
515,12,No,Yes,15,49,,,,,14
227,12,No,Yes,15,50,,,,,5
1331,12,No,Yes,20,52,,,,,19
152,12,No,Yes,24,54,,,,,12
249,12,No,Yes,8,59,,,,,12
1566,12,No,Yes,10,59,,,,,14
1494,12,No,Yes,13,60,,,,,11
1620,12,No,Yes,20,60,,,,,4
1674,12,No,Yes,10,61,,,,,4
1699,12,No,Yes,20,61,,,,,9
367,12,No,Yes,16,62,,,,,6
135,12,No,Yes,25,64,,,,,15
500,12,No,Yes,10,66,,,,,21
202,12,No,Yes,16,66,,,,,5
1190,12,No,Yes,20,66,,,,,7
155,12,No,Yes,7,68,,,,,8
1136,12,No,Yes,11,69,,,,,14
1111,12,No,Yes,16,69,,,,,5
1321,12,No,Yes,18,69,,,,,8
507,12,No,Yes,10,70,,,,,17
1203,12,No,Yes,19,71,,,,,18
1518,12,No,Yes,17,72,,,,,12
977,12,No,Yes,11,74,,,,,13
214,12,No,Yes,8,75,,,,,8
478,12,No,Yes,19,75,,,,,10
429,12,No,Yes,24,79,,,,,15
1133,12,No,Yes,14,84,,,,,12
208,12,No,Yes,5,87,,,,,15
1589,12,No,Yes,11,88,,,,,7
469,12,No,Yes,21,88,,,,,15
1025,12,No,Yes,25,88,,,,,25
1154,12,No,Yes,14,98,,,,,9
1107,12,No,Yes,8,100,,,,,15
472,12,No,Yes,16,100,,,,,12
446,12,No,Yes,18,105,,,,,2
151,12,No,Yes,9,108,,,,,6
397,12,No,Yes,8,119,,,,,2
1763,12,No,Yes,23,122,,,,,14
1033,12,No,Yes,9,124,,,,,1
1216,12,No,Yes,22,127,,,,,3
724,12,No,Yes,2,128,,,,,17
1056,12,No,Yes,11,130,,,,,3
388,12,No,Yes,9,138,,,,,15
1027,12,No,Yes,23,163,,,,,12
492,12,No,Yes,18,169,,,,,0
1252,12,No,Yes,16,197,,,,,30
128,12,No,Yes,19,200,,,,,11
378,12,No,Yes,20,224,,,,,26
530,12,No,Yes,16,272,,,,,10
745,12,No,Yes,6,440,,,,,13
503,12,No,Yes,16,516,,,,,14
1442,12,No,No,8,0,,,,,0
1312,12,No,No,9,0,,,,,0
2,12,No,No,10,0,,,,,0
494,12,No,No,11,0,,,,,0
1051,12,No,No,13,0,,,,,0
1622,12,No,No,14,0,,,,,0
1797,12,No,No,14,0,,,,,0
476,12,No,No,15,0,,,,,0
416,12,No,No,16,0,,,,,5
1214,12,No,No,19,0,,,,,1
1742,12,No,No,19,0,,,,,0
489,12,No,No,2,1,,,,,0
9,12,No,No,4,1,,,,,0
1464,12,No,No,4,1,,,,,0
1507,12,No,No,5,1,,,,,0
26,12,No,No,8,1,,,,,0
240,12,No,No,8,1,,,,,2
1524,12,No,No,8,1,,,,,0
110,12,No,No,11,1,,,,,2
136,12,No,No,11,1,,,,,0
442,12,No,No,20,1,,,,,1
198,12,No,No,4,2,,,,,1
861,12,No,No,4,2,,,,,1
457,12,No,No,9,2,,,,,1
153,12,No,No,10,2,,,,,3
891,12,No,No,10,2,,,,,18
1644,12,No,No,16,2,,,,,0
952,12,No,No,19,2,,,,,1
66,12,No,No,8,3,,,,,14
187,12,No,No,10,3,,,,,7
304,12,No,No,10,3,,,,,0
323,12,No,No,16,3,,,,,12
1303,12,No,No,16,3,,,,,8
313,12,No,No,23,3,,,,,6
1091,12,No,No,6,4,,,,,0
215,12,No,No,11,5,,,,,0
161,12,No,No,8,6,,,,,0
280,12,No,No,15,6,,,,,3
504,12,No,No,16,6,,,,,11
1169,12,No,No,8,7,,,,,2
1352,12,No,No,9,7,,,,,7
932,12,No,No,10,7,,,,,1
717,12,No,No,11,7,,,,,16
1580,12,No,No,11,7,,,,,0
3,12,No,No,20,7,,,,,0
884,12,No,No,20,7,,,,,0
1178,12,No,No,4,8,,,,,1
1732,12,No,No,4,8,,,,,0
1820,12,No,No,6,8,,,,,0
253,12,No,No,8,8,,,,,3
1525,12,No,No,8,8,,,,,0
1482,12,No,No,10,8,,,,,2
17,12,No,No,15,8,,,,,6
1254,12,No,No,18,8,,,,,0
21,12,No,No,19,8,,,,,2
1708,12,No,No,20,8,,,,,14
1087,12,No,No,21,8,,,,,5
1333,12,No,No,4,9,,,,,0
1575,12,No,No,5,9,,,,,0
1649,12,No,No,21,9,,,,,15
104,12,No,No,20,10,,,,,2
1411,12,No,No,20,10,,,,,0
1151,12,No,No,5,11,,,,,3
232,12,No,No,15,11,,,,,7
1577,12,No,No,16,11,,,,,1
956,12,No,No,2,12,,,,,0
117,12,No,No,4,12,,,,,0
1752,12,No,No,4,12,,,,,0
186,12,No,No,13,12,,,,,7
1535,12,No,No,15,12,,,,,11
163,12,No,No,16,12,,,,,6
420,12,No,No,9,13,,,,,0
247,12,No,No,13,13,,,,,15
1123,12,No,No,13,13,,,,,7
453,12,No,No,2,14,,,,,6
1582,12,No,No,8,14,,,,,1
423,12,No,No,16,14,,,,,13
1322,12,No,No,21,14,,,,,1
1751,12,No,No,4,15,,,,,1
1157,12,No,No,5,15,,,,,1
538,12,No,No,9,15,,,,,0
490,12,No,No,17,15,,,,,1
548,12,No,No,19,15,,,,,2
1702,12,No,No,22,15,,,,,4
1779,12,No,No,7,16,,,,,1
1666,12,No,No,9,16,,,,,2
131,12,No,No,7,17,,,,,0
34,12,No,No,14,17,,,,,9
432,12,No,No,17,17,,,,,2
444,12,No,No,22,17,,,,,9
1295,12,No,No,2,18,,,,,0
1362,12,No,No,5,18,,,,,0
448,12,No,No,7,18,,,,,3
1822,12,No,No,8,18,,,,,0
1047,12,No,No,10,18,,,,,12
1746,12,No,No,10,18,,,,,4
1520,12,No,No,13,18,,,,,2
1758,12,No,No,20,18,,,,,13
519,12,No,No,4,19,,,,,4
278,12,No,No,9,19,,,,,14
1521,12,No,No,13,19,,,,,7
465,12,No,No,14,19,,,,,2
954,12,No,No,14,19,,,,,0
510,12,No,No,16,19,,,,,1
103,12,No,No,23,19,,,,,0
528,12,No,No,23,19,,,,,13
193,12,No,No,9,20,,,,,8
75,12,No,No,19,20,,,,,0
181,12,No,No,10,21,,,,,0
1794,12,No,No,13,21,,,,,0
1377,12,No,No,15,21,,,,,3
1432,12,No,No,6,22,,,,,1
1579,12,No,No,9,22,,,,,7
1021,12,No,No,10,22,,,,,6
1240,12,No,No,15,22,,,,,0
1629,12,No,No,23,22,,,,,10
1200,12,No,No,24,22,,,,,5
1197,12,No,No,4,23,,,,,0
1728,12,No,No,4,23,,,,,1
1280,12,No,No,22,23,,,,,16
1337,12,No,No,11,24,,,,,1
1693,12,No,No,11,24,,,,,2
173,12,No,No,15,24,,,,,0
983,12,No,No,15,24,,,,,2
1716,12,No,No,21,24,,,,,1
1,12,No,No,9,25,,,,,0
371,12,No,No,14,25,,,,,1
422,12,No,No,20,26,,,,,11
1193,12,No,No,4,27,,,,,5
1429,12,No,No,11,27,,,,,11
288,12,No,No,17,27,,,,,19
1581,12,No,No,2,28,,,,,0
1146,12,No,No,7,28,,,,,0
1634,12,No,No,11,28,,,,,0
1179,12,No,No,15,28,,,,,1
1771,12,No,No,18,28,,,,,0
12,12,No,No,19,28,,,,,1
1408,12,No,No,19,28,,,,,0
1465,12,No,No,19,28,,,,,12
1727,12,No,No,19,28,,,,,3
32,12,No,No,25,28,,,,,0
459,12,No,No,27,28,,,,,11
1761,12,No,No,4,29,,,,,1
344,12,No,No,14,29,,,,,13
18,12,No,No,15,29,,,,,0
1477,12,No,No,13,30,,,,,0
1631,12,No,No,21,30,,,,,0
383,12,No,No,3,31,,,,,0
521,12,No,No,21,31,,,,,8
1302,12,No,No,4,32,,,,,1
251,12,No,No,9,32,,,,,9
394,12,No,No,10,32,,,,,0
485,12,No,No,10,32,,,,,8
179,12,No,No,11,32,,,,,13
274,12,No,No,15,32,,,,,11
1610,12,No,No,16,32,,,,,6
396,12,No,No,21,32,,,,,10
1210,12,No,No,21,32,,,,,4
1380,12,No,No,23,32,,,,,1
305,12,No,No,27,32,,,,,1
1798,12,No,No,9,33,,,,,1
1453,12,No,No,23,33,,,,,0
1508,12,No,No,13,34,,,,,0
1037,12,No,No,14,34,,,,,1
228,12,No,No,16,34,,,,,0
372,12,No,No,10,35,,,,,1
1387,12,No,No,13,35,,,,,9
172,12,No,No,15,35,,,,,11
1124,12,No,No,15,35,,,,,16
1481,12,No,No,10,36,,,,,0
306,12,No,No,11,36,,,,,6
115,12,No,No,14,36,,,,,0
329,12,No,No,8,37,,,,,7
189,12,No,No,14,37,,,,,0
281,12,No,No,14,37,,,,,0
263,12,No,No,19,37,,,,,10
6,12,No,No,24,37,,,,,17
438,12,No,No,4,38,,,,,0
1625,12,No,No,11,38,,,,,8
292,12,No,No,12,38,,,,,0
273,12,No,No,15,38,,,,,1
231,12,No,No,21,38,,,,,0
1089,12,No,No,19,39,,,,,13
1588,12,No,No,20,39,,,,,11
1158,12,No,No,24,39,,,,,8
1404,12,No,No,24,39,,,,,24
532,12,No,No,16,41,,,,,0
1513,12,No,No,23,41,,,,,6
236,12,No,No,7,42,,,,,0
1512,12,No,No,9,42,,,,,0
1298,12,No,No,13,42,,,,,0
1599,12,No,No,14,42,,,,,6
1592,12,No,No,20,42,,,,,9
1484,12,No,No,21,42,,,,,10
81,12,No,No,23,42,,,,,0
1690,12,No,No,5,43,,,,,1
517,12,No,No,16,43,,,,,1
419,12,No,No,19,44,,,,,3
176,12,No,No,7,45,,,,,5
1368,12,No,No,12,45,,,,,1
1241,12,No,No,15,45,,,,,0
1825,12,No,No,7,46,,,,,0
1104,12,No,No,25,46,,,,,12
522,12,No,No,20,47,,,,,15
1115,12,No,No,20,47,,,,,6
1128,12,No,No,23,47,,,,,1
1486,12,No,No,24,47,,,,,3
1662,12,No,No,5,48,,,,,1
57,12,No,No,14,49,,,,,6
481,12,No,No,16,49,,,,,10
1208,12,No,No,18,49,,,,,16
343,12,No,No,21,49,,,,,0
516,12,No,No,8,50,,,,,12
1675,12,No,No,8,50,,,,,8
105,12,No,No,24,50,,,,,19
1688,12,No,No,14,51,,,,,2
88,12,No,No,16,51,,,,,0
464,12,No,No,18,51,,,,,2
314,12,No,No,19,51,,,,,11
990,12,No,No,20,51,,,,,18
925,12,No,No,25,51,,,,,12
10,12,No,No,5,52,,,,,3
1233,12,No,No,10,52,,,,,2
1114,12,No,No,14,52,,,,,20
28,12,No,No,23,52,,,,,5
144,12,No,No,2,53,,,,,0
149,12,No,No,5,53,,,,,2
1787,12,No,No,5,53,,,,,7
1824,12,No,No,20,53,,,,,17
1738,12,No,No,15,54,,,,,2
48,12,No,No,21,54,,,,,4
97,12,No,No,23,54,,,,,11
368,12,No,No,12,55,,,,,10
871,12,No,No,14,55,,,,,0
1415,12,No,No,24,55,,,,,0
4,12,No,No,10,56,,,,,1
1718,12,No,No,19,56,,,,,7
322,12,No,No,20,57,,,,,0
339,12,No,No,24,57,,,,,2
302,12,No,No,8,58,,,,,7
1646,12,No,No,11,58,,,,,4
864,12,No,No,10,59,,,,,13
244,12,No,No,15,59,,,,,7
335,12,No,No,17,59,,,,,9
27,12,No,No,23,60,,,,,1
283,12,No,No,24,60,,,,,5
334,12,No,No,21,61,,,,,11
1563,12,No,No,23,61,,,,,0
183,12,No,No,5,62,,,,,0
353,12,No,No,18,62,,,,,10
1811,12,No,No,19,63,,,,,1
523,12,No,No,23,64,,,,,1
168,12,No,No,7,66,,,,,12
858,12,No,No,7,66,,,,,0
64,12,No,No,24,66,,,,,0
392,12,No,No,24,66,,,,,7
433,12,No,No,8,67,,,,,2
395,12,No,No,14,67,,,,,0
351,12,No,No,18,67,,,,,9
317,12,No,No,14,68,,,,,1
1799,12,No,No,5,69,,,,,2
1191,12,No,No,11,69,,,,,4
458,12,No,No,21,69,,,,,12
1156,12,No,No,6,70,,,,,9
949,12,No,No,23,70,,,,,2
1786,12,No,No,8,71,,,,,1
1541,12,No,No,13,71,,,,,0
1155,12,No,No,15,71,,,,,1
120,12,No,No,26,71,,,,,11
896,12,No,No,5,72,,,,,8
1530,12,No,No,11,73,,,,,13
470,12,No,No,13,73,,,,,2
286,12,No,No,23,73,,,,,4
1701,12,No,No,23,73,,,,,14
527,12,No,No,21,75,,,,,17
361,12,No,No,23,75,,,,,0
194,12,No,No,14,76,,,,,1
20,12,No,No,24,76,,,,,3
1531,12,No,No,19,77,,,,,12
1561,12,No,No,19,77,,,,,0
411,12,No,No,23,77,,,,,8
477,12,No,No,25,77,,,,,11
1492,12,No,No,25,77,,,,,25
349,12,No,No,20,78,,,,,0
350,12,No,No,21,78,,,,,10
255,12,No,No,7,80,,,,,7
1266,12,No,No,13,80,,,,,14
1141,12,No,No,20,80,,,,,0
125,12,No,No,16,81,,,,,7
68,12,No,No,16,82,,,,,0
238,12,No,No,18,84,,,,,4
1239,12,No,No,9,85,,,,,4
140,12,No,No,19,85,,,,,11
1760,12,No,No,20,86,,,,,12
326,12,No,No,7,87,,,,,8
1283,12,No,No,7,87,,,,,10
1762,12,No,No,26,87,,,,,17
366,12,No,No,17,88,,,,,2
1636,12,No,No,19,88,,,,,13
1222,12,No,No,20,88,,,,,0
1483,12,No,No,24,88,,,,,1
409,12,No,No,6,89,,,,,2
1299,12,No,No,10,89,,,,,0
488,12,No,No,21,89,,,,,6
69,12,No,No,25,90,,,,,0
479,12,No,No,17,92,,,,,7
1288,12,No,No,19,93,,,,,1
1565,12,No,No,24,93,,,,,14
988,12,No,No,13,94,,,,,14
1696,12,No,No,21,94,,,,,15
508,12,No,No,13,95,,,,,1
1695,12,No,No,18,95,,,,,11
381,12,No,No,3,96,,,,,6
1495,12,No,No,14,96,,,,,1
1424,12,No,No,23,96,,,,,10
1031,12,No,No,23,98,,,,,9
1710,12,No,No,8,99,,,,,0
1213,12,No,No,19,99,,,,,13
222,12,No,No,3,100,,,,,1
1110,12,No,No,9,100,,,,,19
1449,12,No,No,26,100,,,,,10
1550,12,No,No,13,101,,,,,4
321,12,No,No,15,101,,,,,0
1013,12,No,No,18,101,,,,,11
1639,12,No,No,27,101,,,,,4
1462,12,No,No,22,102,,,,,11
1616,12,No,No,18,103,,,,,0
268,12,No,No,20,103,,,,,12
1243,12,No,No,23,103,,,,,14
1554,12,No,No,27,103,,,,,14
1450,12,No,No,21,104,,,,,6
421,12,No,No,20,105,,,,,14
1757,12,No,No,19,108,,,,,17
1714,12,No,No,14,109,,,,,6
1697,12,No,No,17,111,,,,,10
483,12,No,No,27,111,,,,,0
1606,12,No,No,23,112,,,,,6
1772,12,No,No,23,114,,,,,15
1766,12,No,No,26,115,,,,,11
1018,12,No,No,26,116,,,,,18
536,12,No,No,27,117,,,,,3
52,12,No,No,8,118,,,,,1
58,12,No,No,14,118,,,,,7
29,12,No,No,21,118,,,,,10
972,12,No,No,26,119,,,,,1
1161,12,No,No,10,120,,,,,9
1160,12,No,No,19,120,,,,,22
360,12,No,No,9,123,,,,,0
269,12,No,No,17,123,,,,,15
143,12,No,No,19,123,,,,,21
229,12,No,No,27,123,,,,,17
299,12,No,No,21,125,,,,,14
219,12,No,No,26,125,,,,,11
439,12,No,No,18,126,,,,,20
431,12,No,No,20,126,,,,,15
1719,12,No,No,24,126,,,,,3
1645,12,No,No,26,126,,,,,18
39,12,No,No,16,127,,,,,8
1374,12,No,No,11,128,,,,,15
1188,12,No,No,16,128,,,,,0
1782,12,No,No,21,129,,,,,7
1282,12,No,No,14,132,,,,,13
1355,12,No,No,22,132,,,,,29
484,12,No,No,20,133,,,,,4
1691,12,No,No,20,133,,,,,0
1754,12,No,No,16,134,,,,,0
1723,12,No,No,20,135,,,,,12
1165,12,No,No,22,136,,,,,11
94,12,No,No,24,136,,,,,16
1487,12,No,No,27,136,,,,,11
391,12,No,No,23,137,,,,,13
291,12,No,No,9,138,,,,,7
545,12,No,No,2,141,,,,,7
1725,12,No,No,23,141,,,,,0
257,12,No,No,26,141,,,,,17
99,12,No,No,24,142,,,,,11
1072,12,No,No,7,144,,,,,4
1175,12,No,No,20,144,,,,,10
1572,12,No,No,20,144,,,,,1
1552,12,No,No,23,144,,,,,12
347,12,No,No,25,144,,,,,20
1077,12,No,No,15,147,,,,,6
377,12,No,No,17,148,,,,,11
260,12,No,No,24,149,,,,,20
502,12,No,No,22,150,,,,,3
1632,12,No,No,24,150,,,,,5
1274,12,No,No,26,151,,,,,5
16,12,No,No,15,152,,,,,0
287,12,No,No,22,152,,,,,0
373,12,No,No,24,153,,,,,14
467,12,No,No,25,153,,,,,2
418,12,No,No,16,154,,,,,3
1712,12,No,No,26,154,,,,,23
534,12,No,No,27,154,,,,,17
315,12,No,No,23,158,,,,,17
226,12,No,No,19,159,,,,,10
468,12,No,No,17,162,,,,,11
1470,12,No,No,22,162,,,,,17
1704,12,No,No,21,163,,,,,14
1542,12,No,No,24,163,,,,,13
235,12,No,No,21,164,,,,,3
1768,12,No,No,23,167,,,,,16
1342,12,No,No,24,168,,,,,11
38,12,No,No,15,169,,,,,0
327,12,No,No,13,170,,,,,6
1777,12,No,No,12,172,,,,,11
513,12,No,No,19,172,,,,,17
966,12,No,No,23,172,,,,,19
157,12,No,No,22,173,,,,,15
246,12,No,No,24,174,,,,,24
1271,12,No,No,25,176,,,,,8
1781,12,No,No,23,181,,,,,12
41,12,No,No,26,181,,,,,18
345,12,No,No,14,183,,,,,24
430,12,No,No,23,183,,,,,0
1682,12,No,No,10,185,,,,,1
1330,12,No,No,19,185,,,,,20
413,12,No,No,26,185,,,,,1
1172,12,No,No,21,187,,,,,0
1431,12,No,No,9,193,,,,,6
1024,12,No,No,26,199,,,,,10
509,12,No,No,20,201,,,,,12
1372,12,No,No,25,202,,,,,19
406,12,No,No,26,214,,,,,16
387,12,No,No,21,218,,,,,16
449,12,No,No,23,218,,,,,18
1369,12,No,No,17,220,,,,,12
1325,12,No,No,26,225,,,,,14
60,12,No,No,23,227,,,,,3
505,12,No,No,26,227,,,,,14
1420,12,No,No,15,228,,,,,5
1095,12,No,No,25,228,,,,,5
1726,12,No,No,18,248,,,,,25
271,12,No,No,22,248,,,,,44
1775,12,No,No,27,253,,,,,16
199,12,No,No,24,254,,,,,17
493,12,No,No,26,254,,,,,16
1510,12,No,No,27,255,,,,,10
1324,12,No,No,19,256,,,,,1
1097,12,No,No,25,259,,,,,19
427,12,No,No,23,262,,,,,14
114,12,No,No,23,267,,,,,3
1490,12,No,No,20,273,,,,,6
1036,12,No,No,25,283,,,,,25
1543,12,No,No,16,284,,,,,11
1329,12,No,No,15,289,,,,,14
266,12,No,No,21,292,,,,,7
1268,12,No,No,8,304,,,,,14
121,12,No,No,25,312,,,,,17
1399,12,No,No,26,315,,,,,24
497,12,No,No,25,328,,,,,21
216,12,No,No,23,333,,,,,11
1650,12,No,No,25,360,,,,,11
348,12,No,No,25,375,,,,,4
452,12,No,No,25,390,,,,,18
1073,12,No,No,10,405,,,,,10
1343,12,No,No,26,431,,,,,22
945,12,No,No,24,449,,,,,14
1724,12,No,No,23,461,,,,,12
380,12,No,No,20,505,,,,,15
514,12,No,No,16,512,,,,,0
506,12,No,No,27,517,,,,,30
1485,12,No,No,19,534,,,,,12
59,12,No,No,20,548,,,,,11
210,12,No,No,27,632,,,,,11
46,11,Yes,Yes,8,44,,,,,12
71,11,Yes,No,19,110,,,,,14
78,11,Yes,No,10,62,,,,,8
319,11,Yes,No,6,14,,,,,0
320,11,Yes,No,5,0,,,,,0
403,11,Yes,No,7,55,,,,,5
526,11,Yes,No,4,44,,,,,12
544,11,Yes,Yes,8,16,,,,,2
547,11,Yes,Yes,11,7,,,,,1
549,11,Yes,No,11,60,,,,,10
551,11,Yes,Yes,14,28,,,,,4
552,11,Yes,No,8,53,,,,,3
554,11,Yes,No,5,4,,,,,0
562,11,Yes,No,7,26,,,,,4
563,11,Yes,No,5,6,,,,,4
564,11,Yes,No,4,5,,,,,3
565,11,Yes,No,2,0,,,,,2
569,11,Yes,No,3,2,,,,,0
575,11,Yes,Yes,14,47,,,,,0
577,11,Yes,Yes,9,0,,,,,0
578,11,Yes,No,8,36,,,,,5
584,11,Yes,No,2,23,,,,,0
585,11,Yes,Yes,14,83,,,,,1
596,11,Yes,No,5,4,,,,,3
598,11,Yes,No,3,30,,,,,0
603,11,Yes,No,9,10,,,,,4
628,11,Yes,Yes,6,48,,,,,4
631,11,Yes,No,20,177,,,,,12
635,11,Yes,No,4,0,,,,,1
649,11,Yes,No,14,142,,,,,12
651,11,Yes,No,5,67,,,,,15
652,11,Yes,No,7,60,,,,,0
653,11,Yes,Yes,3,1,,,,,0
656,11,Yes,No,4,4,,,,,0
660,11,Yes,No,10,17,,,,,0
665,11,Yes,No,13,18,,,,,4
666,11,Yes,No,3,47,,,,,4
668,11,Yes,No,5,18,,,,,0
669,11,Yes,No,8,11,,,,,0
675,11,Yes,No,7,72,,,,,8
678,11,Yes,Yes,11,10,,,,,1
688,11,Yes,No,5,47,,,,,4
690,11,Yes,No,13,152,,,,,3
696,11,Yes,No,3,17,,,,,11
699,11,Yes,Yes,14,2,,,,,4
704,11,Yes,No,5,51,,,,,7
706,11,Yes,No,8,73,,,,,1
714,11,Yes,No,13,106,,,,,11
716,11,Yes,No,7,19,,,,,1
718,11,Yes,No,13,85,,,,,13
723,11,Yes,No,3,99,,,,,3
730,11,Yes,No,23,29,,,,,1
731,11,Yes,No,10,60,,,,,9
735,11,Yes,No,17,73,,,,,15
746,11,Yes,No,7,32,,,,,3
751,11,Yes,No,6,13,,,,,3
752,11,Yes,No,16,47,,,,,12
756,11,Yes,No,13,0,,,,,0
773,11,Yes,No,4,27,,,,,3
777,11,Yes,No,11,1,,,,,0
788,11,Yes,No,18,7,,,,,11
792,11,Yes,No,15,31,,,,,7
797,11,Yes,No,14,16,,,,,2
803,11,Yes,No,5,44,,,,,1
805,11,Yes,No,9,16,,,,,1
806,11,Yes,No,15,71,,,,,5
807,11,Yes,Yes,9,40,,,,,10
809,11,Yes,No,16,23,,,,,3
812,11,Yes,No,18,22,,,,,4
816,11,Yes,No,4,71,,,,,10
820,11,Yes,No,23,60,,,,,6
821,11,Yes,No,8,59,,,,,9
826,11,Yes,No,19,8,,,,,7
827,11,Yes,No,10,48,,,,,1
834,11,Yes,No,16,83,,,,,5
843,11,Yes,No,7,40,,,,,4
848,11,Yes,Yes,11,7,,,,,2
859,11,Yes,Yes,11,20,,,,,4
862,11,Yes,Yes,11,10,,,,,11
866,11,Yes,No,11,14,,,,,0
868,11,Yes,Yes,4,45,,,,,7
873,11,Yes,No,16,14,,,,,11
874,11,Yes,No,11,73,,,,,8
878,11,Yes,Yes,10,97,,,,,4
879,11,Yes,Yes,13,2,,,,,7
880,11,Yes,No,17,82,,,,,8
886,11,Yes,No,9,7,,,,,0
887,11,Yes,No,11,72,,,,,3
900,11,Yes,No,10,17,,,,,12
921,11,Yes,No,23,178,,,,,7
922,11,Yes,No,15,25,,,,,2
924,11,Yes,No,4,9,,,,,1
928,11,Yes,Yes,9,11,,,,,5
936,11,Yes,No,7,0,,,,,0
948,11,Yes,No,2,11,,,,,0
958,11,Yes,Yes,6,5,,,,,1
970,11,Yes,No,4,1,,,,,0
973,11,Yes,No,9,29,,,,,2
976,11,Yes,Yes,13,39,,,,,14
1001,11,Yes,Yes,4,18,,,,,4
1028,11,Yes,No,16,74,,,,,0
1054,11,Yes,No,5,13,,,,,1
1057,11,Yes,No,10,60,,,,,2
1062,11,Yes,Yes,7,40,,,,,6
1064,11,Yes,No,5,44,,,,,1
1065,11,Yes,No,14,54,,,,,8
1067,11,Yes,No,10,16,,,,,0
1068,11,Yes,No,8,0,,,,,0
1079,11,Yes,No,4,7,,,,,0
1086,11,Yes,Yes,13,17,,,,,2
1092,11,Yes,No,2,98,,,,,0
1098,11,Yes,No,10,126,,,,,0
1102,11,Yes,No,9,27,,,,,2
1145,11,Yes,Yes,10,17,,,,,0
1162,11,Yes,No,3,146,,,,,11
1163,11,Yes,No,7,29,,,,,1
1170,11,Yes,No,10,0,,,,,0
1183,11,Yes,No,12,7,,,,,0
1195,11,Yes,Yes,14,6,,,,,1
1230,11,Yes,No,5,43,,,,,3
1251,11,Yes,Yes,10,23,,,,,6
1255,11,Yes,Yes,4,34,,,,,6
1285,11,Yes,Yes,10,82,,,,,2
1308,11,Yes,No,4,77,,,,,0
1311,11,Yes,No,15,10,,,,,9
1313,11,Yes,No,8,32,,,,,4
1314,11,Yes,No,9,48,,,,,4
1319,11,Yes,No,3,29,,,,,3
1359,11,Yes,Yes,9,71,,,,,0
1376,11,Yes,Yes,5,21,,,,,5
1378,11,Yes,Yes,13,40,,,,,3
1383,11,Yes,Yes,10,24,,,,,12
1386,11,Yes,No,13,38,,,,,9
1398,11,Yes,Yes,9,22,,,,,0
1434,11,Yes,No,7,28,,,,,0
1437,11,Yes,No,13,38,,,,,2
1534,11,Yes,No,3,81,,,,,0
1652,11,Yes,No,13,29,,,,,3
1664,11,Yes,No,8,100,,,,,7
1669,11,Yes,No,5,13,,,,,0
7,11,No,No,20,17,,,,,0
14,11,No,No,20,10,,,,,0
19,11,No,No,15,70,,,,,0
22,11,No,No,26,8,,,,,3
23,11,No,No,16,0,,,,,4
24,11,No,No,9,16,,,,,0
25,11,No,No,22,161,,,,,11
30,11,No,No,24,14,,,,,0
35,11,No,No,16,245,,,,,0
36,11,No,No,19,0,,,,,0
40,11,No,No,15,27,,,,,3
42,11,No,No,13,3,,,,,0
43,11,No,No,18,2,,,,,6
45,11,No,No,25,55,,,,,5
49,11,No,No,18,31,,,,,0
53,11,No,No,25,56,,,,,3
54,11,No,No,15,3,,,,,9
55,11,No,No,13,21,,,,,0
56,11,No,No,24,10,,,,,4
70,11,No,No,18,119,,,,,0
72,11,No,No,5,8,,,,,12
73,11,No,No,23,99,,,,,9
74,11,No,No,23,142,,,,,2
76,11,No,No,16,35,,,,,11
77,11,No,No,4,36,,,,,12
79,11,No,No,22,31,,,,,4
80,11,No,No,25,57,,,,,14
83,11,No,No,4,8,,,,,2
84,11,No,No,2,29,,,,,1
85,11,No,Yes,9,28,,,,,4
86,11,No,No,16,39,,,,,2
87,11,No,No,19,43,,,,,1
89,11,No,No,10,57,,,,,2
92,11,No,No,11,21,,,,,0
243,11,No,No,27,224,,,,,17
356,11,No,No,19,21,,,,,0
385,11,No,No,5,2,,,,,0
450,11,No,No,26,65,,,,,13
462,11,No,No,20,37,,,,,0
487,11,No,No,27,358,,,,,8
512,11,No,No,21,41,,,,,6
524,11,No,No,27,177,,,,,24
525,11,No,No,22,64,,,,,11
529,11,No,No,10,11,,,,,0
531,11,No,No,15,54,,,,,10
533,11,No,No,14,40,,,,,1
535,11,No,No,19,23,,,,,2
539,11,No,No,4,22,,,,,3
540,11,No,No,19,28,,,,,14
542,11,No,No,22,6,,,,,1
543,11,No,No,19,39,,,,,1
546,11,No,No,14,76,,,,,9
550,11,No,Yes,22,130,,,,,11
553,11,No,No,16,1,,,,,4
555,11,No,No,9,21,,,,,0
556,11,No,No,10,0,,,,,0
557,11,No,No,7,83,,,,,0
558,11,No,No,3,16,,,,,0
559,11,No,No,10,7,,,,,0
560,11,No,No,19,91,,,,,8
561,11,No,No,9,169,,,,,13
566,11,No,No,14,40,,,,,1
567,11,No,No,20,80,,,,,21
568,11,No,No,15,69,,,,,11
570,11,No,No,10,140,,,,,1
571,11,No,No,7,39,,,,,9
572,11,No,No,8,144,,,,,13
573,11,No,No,8,3,,,,,0
574,11,No,No,10,105,,,,,6
576,11,No,Yes,19,18,,,,,0
579,11,No,No,10,19,,,,,0
580,11,No,No,2,0,,,,,2
581,11,No,No,5,24,,,,,0
582,11,No,No,15,52,,,,,7
583,11,No,No,26,35,,,,,15
586,11,No,No,22,32,,,,,12
587,11,No,No,23,97,,,,,6
588,11,No,No,18,19,,,,,16
589,11,No,No,20,84,,,,,2
590,11,No,No,24,36,,,,,5
591,11,No,No,24,9,,,,,0
592,11,No,No,23,24,,,,,6
593,11,No,No,13,53,,,,,8
594,11,No,Yes,4,1,,,,,0
595,11,No,No,10,11,,,,,1
597,11,No,No,11,35,,,,,17
599,11,No,No,11,105,,,,,16
600,11,No,No,20,135,,,,,13
601,11,No,No,2,2,,,,,0
604,11,No,No,15,7,,,,,3
605,11,No,Yes,5,30,,,,,0
606,11,No,No,21,11,,,,,10
607,11,No,No,23,9,,,,,1
608,11,No,No,15,24,,,,,0
609,11,No,No,6,14,,,,,0
610,11,No,Yes,10,42,,,,,14
611,11,No,No,15,158,,,,,9
612,11,No,No,7,15,,,,,0
613,11,No,No,11,19,,,,,5
614,11,No,Yes,4,7,,,,,0
615,11,No,No,5,25,,,,,1
616,11,No,No,18,46,,,,,15
617,11,No,No,14,20,,,,,13
618,11,No,No,19,36,,,,,1
619,11,No,No,8,50,,,,,0
620,11,No,No,8,10,,,,,0
621,11,No,No,19,32,,,,,8
622,11,No,Yes,8,13,,,,,2
623,11,No,No,2,7,,,,,5
624,11,No,Yes,16,264,,,,,12
625,11,No,No,23,43,,,,,2
626,11,No,No,6,19,,,,,3
627,11,No,Yes,16,114,,,,,11
629,11,No,No,4,28,,,,,4
630,11,No,No,21,34,,,,,1
632,11,No,No,11,132,,,,,0
633,11,No,No,13,77,,,,,1
634,11,No,No,9,68,,,,,0
636,11,No,No,18,62,,,,,7
637,11,No,No,20,47,,,,,10
638,11,No,No,5,43,,,,,0
639,11,No,No,17,18,,,,,0
640,11,No,No,25,20,,,,,3
641,11,No,Yes,6,0,,,,,0
642,11,No,No,17,16,,,,,0
644,11,No,No,15,34,,,,,14
645,11,No,No,5,43,,,,,11
646,11,No,No,6,7,,,,,3
647,11,No,No,9,0,,,,,0
648,11,No,No,22,2,,,,,1
650,11,No,Yes,16,13,,,,,1
654,11,No,No,20,208,,,,,15
655,11,No,No,7,33,,,,,2
657,11,No,No,8,97,,,,,1
658,11,No,No,9,50,,,,,0
659,11,No,No,5,31,,,,,1
661,11,No,No,3,5,,,,,0
662,11,No,Yes,9,15,,,,,2
663,11,No,No,18,123,,,,,14
664,11,No,No,14,17,,,,,8
667,11,No,No,3,9,,,,,4
670,11,No,No,2,15,,,,,0
671,11,No,Yes,6,8,,,,,0
672,11,No,No,3,22,,,,,0
673,11,No,No,21,60,,,,,1
674,11,No,No,9,13,,,,,1
676,11,No,No,25,47,,,,,14
677,11,No,No,19,67,,,,,5
679,11,No,Yes,4,13,,,,,0
680,11,No,No,21,345,,,,,13
682,11,No,No,20,19,,,,,8
683,11,No,No,3,36,,,,,6
684,11,No,No,2,34,,,,,10
685,11,No,No,5,43,,,,,9
686,11,No,No,8,2,,,,,2
687,11,No,No,17,37,,,,,2
689,11,No,No,7,19,,,,,0
691,11,No,No,10,29,,,,,9
692,11,No,No,5,1,,,,,0
693,11,No,No,13,14,,,,,18
694,11,No,No,9,32,,,,,4
695,11,No,Yes,16,79,,,,,15
697,11,No,No,8,1,,,,,2
698,11,No,No,20,36,,,,,2
700,11,No,Yes,9,138,,,,,7
701,11,No,No,21,85,,,,,1
702,11,No,No,4,8,,,,,1
703,11,No,Yes,14,27,,,,,1
705,11,No,No,15,30,,,,,2
707,11,No,Yes,15,63,,,,,8
708,11,No,No,16,83,,,,,12
709,11,No,No,8,37,,,,,0
710,11,No,No,13,9,,,,,0
711,11,No,No,11,27,,,,,2
712,11,No,No,24,228,,,,,3
713,11,No,No,3,72,,,,,9
715,11,No,No,9,44,,,,,13
719,11,No,Yes,21,15,,,,,1
720,11,No,No,9,14,,,,,0
721,11,No,No,16,4,,,,,1
722,11,No,No,20,123,,,,,4
725,11,No,No,10,2,,,,,9
726,11,No,No,4,2,,,,,1
727,11,No,No,15,7,,,,,4
728,11,No,No,15,72,,,,,3
729,11,No,No,18,51,,,,,11
732,11,No,Yes,5,30,,,,,0
733,11,No,No,20,65,,,,,19
734,11,No,No,21,59,,,,,11
736,11,No,No,26,132,,,,,13
737,11,No,No,25,59,,,,,13
738,11,No,No,9,5,,,,,1
739,11,No,No,15,75,,,,,6
740,11,No,No,10,173,,,,,15
741,11,No,No,17,21,,,,,3
742,11,No,Yes,15,101,,,,,13
743,11,No,No,13,45,,,,,5
744,11,No,No,14,14,,,,,0
747,11,No,Yes,5,33,,,,,0
748,11,No,No,23,137,,,,,18
749,11,No,No,17,199,,,,,13
750,11,No,No,10,65,,,,,1
753,11,No,No,11,24,,,,,2
754,11,No,No,20,86,,,,,15
755,11,No,No,11,9,,,,,0
757,11,No,No,19,21,,,,,0
758,11,No,No,16,185,,,,,7
759,11,No,Yes,11,36,,,,,19
760,11,No,No,25,183,,,,,14
761,11,No,No,15,63,,,,,6
762,11,No,Yes,9,4,,,,,0
763,11,No,No,24,83,,,,,12
764,11,No,No,8,57,,,,,13
765,11,No,No,4,9,,,,,3
766,11,No,No,23,70,,,,,0
767,11,No,No,3,33,,,,,1
768,11,No,No,20,64,,,,,11
769,11,No,No,10,222,,,,,4
770,11,No,No,13,35,,,,,4
771,11,No,No,4,17,,,,,0
772,11,No,No,7,20,,,,,0
774,11,No,No,17,132,,,,,10
775,11,No,No,7,1,,,,,3
776,11,No,No,14,91,,,,,8
778,11,No,Yes,9,17,,,,,1
779,11,No,No,7,2,,,,,4
780,11,No,No,3,27,,,,,0
781,11,No,No,15,147,,,,,11
782,11,No,No,3,90,,,,,0
783,11,No,No,24,118,,,,,10
784,11,No,No,4,22,,,,,8
785,11,No,No,20,97,,,,,18
786,11,No,No,9,17,,,,,9
787,11,No,No,3,19,,,,,2
789,11,No,No,3,0,,,,,0
791,11,No,No,18,6,,,,,0
793,11,No,No,15,37,,,,,11
794,11,No,No,13,14,,,,,10
795,11,No,Yes,10,2,,,,,0
796,11,No,No,21,63,,,,,14
798,11,No,No,8,8,,,,,1
799,11,No,No,4,125,,,,,11
800,11,No,Yes,16,2,,,,,3
801,11,No,No,11,21,,,,,1
802,11,No,No,4,6,,,,,4
804,11,No,No,20,120,,,,,1
808,11,No,No,8,24,,,,,4
810,11,No,No,18,21,,,,,15
811,11,No,No,27,215,,,,,16
813,11,No,Yes,19,59,,,,,17
814,11,No,Yes,13,1,,,,,0
815,11,No,No,10,60,,,,,8
817,11,No,No,9,1,,,,,0
818,11,No,No,5,47,,,,,10
819,11,No,No,19,79,,,,,6
822,11,No,Yes,4,21,,,,,0
823,11,No,No,15,34,,,,,3
824,11,No,No,11,18,,,,,6
825,11,No,No,19,8,,,,,0
828,11,No,No,14,4,,,,,1
829,11,No,No,5,58,,,,,0
830,11,No,No,11,7,,,,,1
831,11,No,No,8,1,,,,,0
832,11,No,No,5,4,,,,,3
833,11,No,Yes,11,63,,,,,13
835,11,No,No,14,33,,,,,1
836,11,No,No,17,17,,,,,6
837,11,No,No,3,65,,,,,2
838,11,No,No,7,32,,,,,10
839,11,No,No,7,30,,,,,8
840,11,No,Yes,13,3,,,,,3
841,11,No,No,13,6,,,,,0
842,11,No,No,14,15,,,,,2
844,11,No,No,9,41,,,,,6
845,11,No,No,2,18,,,,,6
846,11,No,No,8,50,,,,,14
847,11,No,No,18,100,,,,,4
849,11,No,No,22,142,,,,,12
850,11,No,No,15,64,,,,,1
852,11,No,No,22,8,,,,,0
853,11,No,No,4,13,,,,,2
854,11,No,No,8,21,,,,,0
855,11,No,Yes,21,8,,,,,7
856,11,No,No,8,14,,,,,0
857,11,No,No,5,1,,,,,0
863,11,No,No,23,87,,,,,17
865,11,No,No,13,76,,,,,2
867,11,No,Yes,8,97,,,,,18
869,11,No,No,15,66,,,,,2
870,11,No,No,19,59,,,,,1
872,11,No,No,11,13,,,,,1
875,11,No,No,25,229,,,,,14
876,11,No,No,24,65,,,,,3
877,11,No,No,8,22,,,,,6
883,11,No,No,11,6,,,,,1
888,11,No,No,14,9,,,,,3
889,11,No,No,24,222,,,,,2
890,11,No,No,8,151,,,,,16
892,11,No,No,26,133,,,,,32
893,11,No,Yes,8,152,,,,,13
895,11,No,No,22,49,,,,,4
897,11,No,No,19,119,,,,,0
898,11,No,No,14,37,,,,,10
899,11,No,No,8,171,,,,,6
901,11,No,Yes,20,75,,,,,7
902,11,No,No,7,33,,,,,2
903,11,No,Yes,18,68,,,,,1
904,11,No,No,13,44,,,,,1
905,11,No,No,20,23,,,,,3
906,11,No,No,14,78,,,,,5
907,11,No,No,14,29,,,,,9
908,11,No,No,25,105,,,,,10
909,11,No,Yes,13,21,,,,,16
910,11,No,Yes,2,2,,,,,0
911,11,No,No,16,37,,,,,5
912,11,No,No,7,79,,,,,12
913,11,No,No,17,84,,,,,1
915,11,No,No,11,61,,,,,0
916,11,No,No,8,56,,,,,0
917,11,No,No,18,47,,,,,1
918,11,No,No,23,24,,,,,0
919,11,No,No,19,4,,,,,2
926,11,No,No,2,1,,,,,0
927,11,No,No,19,14,,,,,0
929,11,No,No,20,11,,,,,10
930,11,No,No,16,94,,,,,8
931,11,No,No,5,35,,,,,0
933,11,No,No,14,47,,,,,1
934,11,No,No,4,12,,,,,0
935,11,No,No,16,55,,,,,5
937,11,No,No,11,23,,,,,14
939,11,No,No,22,98,,,,,10
940,11,No,No,24,20,,,,,6
941,11,No,No,16,42,,,,,8
942,11,No,No,7,33,,,,,7
943,11,No,No,18,57,,,,,0
944,11,No,No,11,55,,,,,13
946,11,No,Yes,10,25,,,,,5
947,11,No,No,16,208,,,,,20
950,11,No,No,20,51,,,,,11
951,11,No,No,11,359,,,,,6
953,11,No,No,11,126,,,,,16
955,11,No,No,15,43,,,,,8
957,11,No,No,11,22,,,,,1
959,11,No,No,22,9,,,,,15
960,11,No,No,11,7,,,,,0
961,11,No,No,12,64,,,,,21
962,11,No,No,14,10,,,,,9
964,11,No,No,21,159,,,,,16
965,11,No,No,16,85,,,,,1
967,11,No,No,16,63,,,,,1
968,11,No,No,8,134,,,,,14
969,11,No,No,13,2,,,,,1
974,11,No,No,11,112,,,,,3
975,11,No,No,14,147,,,,,11
978,11,No,No,19,53,,,,,19
979,11,No,No,8,49,,,,,15
980,11,No,No,14,35,,,,,7
981,11,No,Yes,18,66,,,,,22
982,11,No,No,16,39,,,,,2
984,11,No,No,8,28,,,,,2
985,11,No,Yes,15,12,,,,,7
986,11,No,Yes,6,19,,,,,4
987,11,No,Yes,5,3,,,,,0
989,11,No,No,19,181,,,,,1
991,11,No,No,19,76,,,,,2
992,11,No,No,22,41,,,,,15
993,11,No,Yes,10,32,,,,,9
994,11,No,No,19,92,,,,,9
995,11,No,No,23,61,,,,,4
996,11,No,No,18,57,,,,,5
997,11,No,No,7,50,,,,,7
998,11,No,No,23,14,,,,,8
999,11,No,No,14,155,,,,,22
1000,11,No,No,25,102,,,,,9
1002,11,No,No,23,189,,,,,19
1003,11,No,No,15,8,,,,,0
1004,11,No,Yes,14,47,,,,,22
1005,11,No,No,23,196,,,,,14
1006,11,No,No,19,19,,,,,0
1007,11,No,No,26,118,,,,,26
1008,11,No,No,20,268,,,,,21
1009,11,No,No,18,19,,,,,13
1010,11,No,Yes,23,204,,,,,0
1011,11,No,No,20,90,,,,,14
1012,11,No,No,4,0,,,,,1
1014,11,No,No,24,144,,,,,20
1015,11,No,No,7,27,,,,,2
1016,11,No,No,18,208,,,,,9
1017,11,No,No,23,102,,,,,22
1019,11,No,No,27,64,,,,,2
1020,11,No,No,20,43,,,,,14
1022,11,No,No,22,145,,,,,11
1023,11,No,No,22,34,,,,,4
1026,11,No,No,13,32,,,,,1
1029,11,No,No,19,140,,,,,13
1030,11,No,No,22,46,,,,,10
1032,11,No,No,13,72,,,,,1
1034,11,No,No,4,46,,,,,16
1040,11,No,No,15,15,,,,,10
1041,11,No,No,3,0,,,,,0
1043,11,No,Yes,2,11,,,,,0
1044,11,No,No,20,54,,,,,0
1045,11,No,No,15,32,,,,,11
1046,11,No,Yes,19,13,,,,,16
1049,11,No,No,9,57,,,,,3
1050,11,No,No,2,8,,,,,0
1052,11,No,No,13,0,,,,,0
1053,11,No,No,24,53,,,,,5
1055,11,No,No,11,126,,,,,17
1058,11,No,No,8,91,,,,,15
1061,11,No,No,7,29,,,,,11
1066,11,No,Yes,7,6,,,,,0
1069,11,No,No,16,151,,,,,14
1070,11,No,No,6,28,,,,,11
1071,11,No,No,7,45,,,,,15
1076,11,No,No,19,64,,,,,5
1078,11,No,No,23,37,,,,,4
1081,11,No,No,9,52,,,,,15
1084,11,No,No,5,26,,,,,6
1085,11,No,No,20,74,,,,,9
1090,11,No,No,10,9,,,,,1
1096,11,No,No,14,6,,,,,6
1099,11,No,No,21,11,,,,,2
1100,11,No,No,9,50,,,,,1
1108,11,No,No,19,156,,,,,1
1109,11,No,No,3,130,,,,,1
1116,11,No,No,5,0,,,,,0
1119,11,No,No,20,13,,,,,13
1120,11,No,No,27,255,,,,,0
1121,11,No,No,17,121,,,,,19
1126,11,No,No,20,19,,,,,0
1127,11,No,No,19,65,,,,,3
1129,11,No,Yes,22,70,,,,,0
1131,11,No,No,23,39,,,,,4
1134,11,No,No,4,0,,,,,0
1135,11,No,No,2,11,,,,,1
1137,11,No,No,9,23,,,,,5
1138,11,No,No,13,26,,,,,2
1139,11,No,No,11,1,,,,,9
1142,11,No,No,2,55,,,,,12
1143,11,No,No,4,20,,,,,4
1144,11,No,No,20,42,,,,,1
1147,11,No,No,9,16,,,,,2
1148,11,No,No,27,142,,,,,12
1150,11,No,No,8,45,,,,,3
1159,11,No,No,14,34,,,,,2
1166,11,No,Yes,7,16,,,,,6
1167,11,No,No,8,17,,,,,8
1176,11,No,No,21,101,,,,,15
1177,11,No,No,23,25,,,,,0
1180,11,No,No,8,8,,,,,0
1182,11,No,No,24,16,,,,,1
1185,11,No,Yes,24,156,,,,,11
1186,11,No,No,19,13,,,,,12
1187,11,No,No,19,64,,,,,0
1189,11,No,No,11,213,,,,,16
1198,11,No,No,13,90,,,,,6
1201,11,No,No,15,9,,,,,0
1202,11,No,No,14,9,,,,,2
1204,11,No,No,16,21,,,,,0
1205,11,No,No,14,11,,,,,15
1206,11,No,No,22,105,,,,,14
1207,11,No,No,4,57,,,,,8
1209,11,No,No,19,41,,,,,3
1211,11,No,No,10,32,,,,,19
1212,11,No,No,24,11,,,,,2
1215,11,No,No,3,12,,,,,0
1217,11,No,No,11,42,,,,,1
1218,11,No,No,26,242,,,,,24
1223,11,No,No,6,12,,,,,1
1224,11,No,Yes,9,55,,,,,4
1225,11,No,No,23,90,,,,,2
1226,11,No,No,2,4,,,,,0
1228,11,No,No,4,12,,,,,0
1229,11,No,No,14,43,,,,,7
1231,11,No,No,17,72,,,,,8
1236,11,No,No,11,97,,,,,1
1242,11,No,No,3,1,,,,,0
1244,11,No,No,8,152,,,,,8
1245,11,No,No,12,60,,,,,8
1246,11,No,Yes,11,27,,,,,3
1247,11,No,Yes,19,65,,,,,10
1248,11,No,No,19,93,,,,,8
1249,11,No,No,20,9,,,,,2
1250,11,No,No,9,27,,,,,6
1253,11,No,No,24,12,,,,,0
1257,11,No,No,15,15,,,,,1
1258,11,No,Yes,9,10,,,,,9
1259,11,No,No,13,40,,,,,6
1260,11,No,No,18,22,,,,,12
1261,11,No,Yes,8,19,,,,,1
1264,11,No,No,23,79,,,,,3
1267,11,No,No,25,225,,,,,16
1269,11,No,No,20,38,,,,,1
1270,11,No,No,15,39,,,,,2
1272,11,No,No,25,279,,,,,19
1273,11,No,No,7,0,,,,,0
1276,11,No,No,10,73,,,,,9
1277,11,No,No,10,12,,,,,3
1278,11,No,No,24,0,,,,,0
1279,11,No,No,23,226,,,,,17
1286,11,No,No,2,4,,,,,11
1287,11,No,No,26,27,,,,,2
1289,11,No,Yes,18,297,,,,,9
1291,11,No,No,16,46,,,,,2
1293,11,No,Yes,4,0,,,,,0
1294,11,No,No,15,10,,,,,0
1297,11,No,No,10,142,,,,,2
1300,11,No,No,16,370,,,,,25
1301,11,No,No,9,43,,,,,8
1304,11,No,No,21,22,,,,,0
1305,11,No,Yes,16,5,,,,,7
1306,11,No,No,14,74,,,,,15
1309,11,No,No,5,55,,,,,0
1310,11,No,Yes,18,23,,,,,1
1315,11,No,Yes,9,98,,,,,7
1316,11,No,No,13,79,,,,,2
1317,11,No,No,4,63,,,,,12
1323,11,No,No,23,96,,,,,8
1326,11,No,Yes,14,25,,,,,0
1327,11,No,No,7,46,,,,,3
1328,11,No,No,9,10,,,,,9
1332,11,No,No,21,54,,,,,11
1336,11,No,No,8,5,,,,,3
1338,11,No,No,14,0,,,,,1
1339,11,No,No,10,16,,,,,0
1340,11,No,No,23,60,,,,,12
1341,11,No,No,10,79,,,,,6
1344,11,No,No,22,184,,,,,12
1345,11,No,No,19,29,,,,,14
1346,11,No,No,20,19,,,,,15
1347,11,No,Yes,13,31,,,,,5
1348,11,No,No,25,213,,,,,16
1349,11,No,Yes,20,90,,,,,13
1350,11,No,No,16,54,,,,,0
1351,11,No,Yes,17,63,,,,,12
1353,11,No,No,20,120,,,,,12
1356,11,No,No,5,6,,,,,0
1357,11,No,No,4,14,,,,,0
1358,11,No,No,20,15,,,,,9
1361,11,No,No,4,9,,,,,0
1364,11,No,No,15,110,,,,,0
1365,11,No,No,23,41,,,,,7
1367,11,No,Yes,2,0,,,,,0
1370,11,No,No,2,1,,,,,0
1371,11,No,No,5,34,,,,,1
1373,11,No,Yes,13,110,,,,,10
1375,11,No,Yes,7,31,,,,,0
1379,11,No,No,4,29,,,,,0
1384,11,No,No,15,42,,,,,0
1385,11,No,No,25,33,,,,,12
1389,11,No,No,9,84,,,,,11
1390,11,No,No,16,29,,,,,2
1391,11,No,No,16,145,,,,,7
1393,11,No,No,16,105,,,,,7
1394,11,No,No,15,3,,,,,0
1397,11,No,No,20,17,,,,,8
1400,11,No,No,20,37,,,,,1
1402,11,No,No,13,37,,,,,3
1403,11,No,Yes,15,1,,,,,2
1405,11,No,Yes,9,30,,,,,6
1406,11,No,No,23,30,,,,,12
1407,11,No,No,18,69,,,,,13
1409,11,No,No,19,103,,,,,1
1410,11,No,No,2,97,,,,,2
1414,11,No,No,14,57,,,,,12
1416,11,No,No,19,34,,,,,12
1417,11,No,No,18,68,,,,,10
1419,11,No,No,23,11,,,,,13
1422,11,No,No,8,0,,,,,0
1423,11,No,No,8,13,,,,,1
1425,11,No,No,18,9,,,,,0
1426,11,No,No,23,81,,,,,18
1427,11,No,No,10,162,,,,,10
1430,11,No,No,10,22,,,,,11
1433,11,No,No,2,2,,,,,0
1435,11,No,No,11,20,,,,,0
1436,11,No,No,13,3,,,,,0
1438,11,No,No,14,88,,,,,15
1439,11,No,No,2,1,,,,,0
1441,11,No,No,24,288,,,,,15
1444,11,No,No,2,10,,,,,0
1445,11,No,No,8,7,,,,,5
1447,11,No,No,23,16,,,,,0
1451,11,No,No,20,54,,,,,2
1452,11,No,No,16,24,,,,,0
1454,11,No,No,5,0,,,,,0
1455,11,No,No,5,55,,,,,18
1456,11,No,No,19,39,,,,,1
1457,11,No,Yes,11,95,,,,,4
1458,11,No,No,14,4,,,,,8
1459,11,No,No,20,47,,,,,19
1461,11,No,No,24,246,,,,,23
1463,11,No,No,9,114,,,,,9
1466,11,No,No,14,32,,,,,15
1468,11,No,No,21,79,,,,,7
1469,11,No,Yes,13,46,,,,,15
1472,11,No,No,23,35,,,,,5
1473,11,No,No,21,1,,,,,13
1474,11,No,No,16,31,,,,,7
1475,11,No,No,23,510,,,,,19
1478,11,No,No,16,14,,,,,1
1479,11,No,Yes,8,29,,,,,0
1480,11,No,No,15,66,,,,,2
1488,11,No,No,19,77,,,,,8
1489,11,No,No,20,21,,,,,0
1491,11,No,No,20,223,,,,,21
1493,11,No,Yes,20,116,,,,,7
1496,11,No,No,24,77,,,,,16
1497,11,No,Yes,10,44,,,,,5
1498,11,No,No,25,18,,,,,16
1499,11,No,No,19,116,,,,,1
1500,11,No,No,5,7,,,,,1
1501,11,No,No,26,18,,,,,1
1503,11,No,No,22,53,,,,,6
1504,11,No,No,5,43,,,,,2
1505,11,No,No,9,33,,,,,1
1506,11,No,No,14,15,,,,,3
1511,11,No,No,7,70,,,,,9
1515,11,No,No,11,40,,,,,0
1516,11,No,No,26,61,,,,,0
1523,11,No,No,22,33,,,,,10
1527,11,No,No,22,16,,,,,10
1528,11,No,No,23,260,,,,,11
1529,11,No,No,18,19,,,,,7
1532,11,No,Yes,14,27,,,,,4
1533,11,No,No,24,11,,,,,7
1536,11,No,No,16,96,,,,,7
1537,11,No,No,25,81,,,,,9
1538,11,No,No,16,52,,,,,6
1539,11,No,No,11,56,,,,,0
1544,11,No,No,18,6,,,,,0
1545,11,No,Yes,19,6,,,,,8
1546,11,No,No,4,17,,,,,0
1549,11,No,No,15,5,,,,,8
1555,11,No,Yes,11,20,,,,,3
1556,11,No,No,9,11,,,,,3
1557,11,No,No,23,16,,,,,8
1558,11,No,No,24,218,,,,,17
1559,11,No,Yes,16,11,,,,,0
1560,11,No,No,11,32,,,,,13
1562,11,No,No,11,5,,,,,8
1564,11,No,No,23,55,,,,,1
1569,11,No,No,16,8,,,,,1
1571,11,No,Yes,15,4,,,,,4
1576,11,No,No,10,16,,,,,11
1583,11,No,No,25,36,,,,,15
1584,11,No,No,4,39,,,,,4
1586,11,No,No,10,27,,,,,13
1587,11,No,No,11,10,,,,,0
1591,11,No,No,24,19,,,,,3
1593,11,No,No,20,56,,,,,14
1597,11,No,No,15,51,,,,,15
1598,11,No,No,22,112,,,,,11
1600,11,No,No,15,24,,,,,1
1601,11,No,No,15,20,,,,,5
1602,11,No,No,25,81,,,,,13
1603,11,No,No,26,105,,,,,17
1604,11,No,Yes,11,66,,,,,15
1607,11,No,Yes,20,30,,,,,0
1608,11,No,No,19,18,,,,,2
1611,11,No,No,27,1,,,,,3
1612,11,No,No,18,6,,,,,1
1614,11,No,No,20,8,,,,,0
1618,11,No,No,21,61,,,,,14
1621,11,No,No,26,51,,,,,21
1624,11,No,No,27,129,,,,,14
1626,11,No,Yes,19,199,,,,,13
1628,11,No,No,26,44,,,,,9
1630,11,No,No,16,90,,,,,12
1633,11,No,No,4,3,,,,,1
1635,11,No,No,23,16,,,,,0
1637,11,No,No,21,22,,,,,0
1638,11,No,No,20,35,,,,,3
1640,11,No,No,19,12,,,,,12
1641,11,No,No,19,70,,,,,0
1642,11,No,No,5,65,,,,,5
1643,11,No,Yes,20,45,,,,,1
1647,11,No,No,25,104,,,,,21
1648,11,No,No,27,89,,,,,14
1651,11,No,No,17,17,,,,,0
1653,11,No,No,17,16,,,,,1
1654,11,No,Yes,8,0,,,,,0
1655,11,No,No,14,212,,,,,3
1656,11,No,No,4,10,,,,,0
1657,11,No,No,13,41,,,,,0
1658,11,No,No,9,0,,,,,0
1659,11,No,No,10,50,,,,,2
1660,11,No,No,4,0,,,,,11
1661,11,No,No,14,25,,,,,0
1665,11,No,Yes,17,9,,,,,11
1668,11,No,No,23,49,,,,,2
1671,11,No,No,5,50,,,,,3
1672,11,No,No,23,51,,,,,10
1676,11,No,No,16,36,,,,,6
1677,11,No,No,14,16,,,,,2
1678,11,No,No,14,10,,,,,1
1679,11,No,Yes,16,10,,,,,7
1680,11,No,No,10,10,,,,,2
1683,11,No,No,17,14,,,,,1
1685,11,No,No,7,4,,,,,0
1686,11,No,No,19,40,,,,,11
1687,11,No,No,20,17,,,,,7
1689,11,No,No,6,19,,,,,1
1692,11,No,No,16,15,,,,,3
1694,11,No,No,19,26,,,,,14
1698,11,No,No,14,48,,,,,0
1700,11,No,No,24,220,,,,,13
1703,11,No,No,16,52,,,,,0
1705,11,No,No,23,25,,,,,5
1706,11,No,No,20,130,,,,,1
1707,11,No,No,24,16,,,,,0
1709,11,No,No,25,232,,,,,17
1711,11,No,No,9,2,,,,,0
1715,11,No,No,23,38,,,,,4
1717,11,No,No,22,29,,,,,3
1720,11,No,No,13,123,,,,,7
1721,11,No,No,13,0,,,,,0
1722,11,No,No,21,17,,,,,11
1729,11,No,No,10,6,,,,,1
1730,11,No,No,21,9,,,,,3
1731,11,No,No,18,103,,,,,18
1733,11,No,No,23,38,,,,,3
1734,11,No,Yes,18,56,,,,,0
1735,11,No,No,13,34,,,,,0
1736,11,No,No,13,21,,,,,0
1737,11,No,Yes,5,3,,,,,1
1739,11,No,Yes,4,45,,,,,0
1740,11,No,No,24,49,,,,,3
1741,11,No,No,5,115,,,,,3
1743,11,No,Yes,15,42,,,,,1
1744,11,No,No,16,251,,,,,1
1745,11,No,No,21,59,,,,,11
1747,11,No,No,15,5,,,,,2
1748,11,No,No,24,48,,,,,3
1750,11,No,No,20,147,,,,,0
1753,11,No,No,15,6,,,,,0
1755,11,No,No,23,39,,,,,12
1756,11,No,No,27,87,,,,,8
1759,11,No,No,9,14,,,,,0
1764,11,No,No,24,108,,,,,1
1767,11,No,No,27,32,,,,,4
1769,11,No,No,16,15,,,,,1
1770,11,No,No,18,12,,,,,1
1773,11,No,No,21,263,,,,,4
1774,11,No,Yes,23,8,,,,,16
1776,11,No,No,5,1,,,,,2
1778,11,No,No,25,76,,,,,10
1780,11,No,No,7,1,,,,,1
1783,11,No,No,5,28,,,,,0
1784,11,No,No,24,16,,,,,10
1785,11,No,Yes,19,36,,,,,2
1788,11,No,No,5,0,,,,,0
1789,11,No,Yes,4,1,,,,,0
1790,11,No,No,14,47,,,,,4
1791,11,No,No,16,98,,,,,13
1792,11,No,No,26,15,,,,,18
1793,11,No,No,23,9,,,,,1
1795,11,No,No,13,170,,,,,7
1796,11,No,No,8,0,,,,,0
1800,11,No,No,10,33,,,,,8
1801,11,No,No,10,12,,,,,1
1802,11,No,Yes,5,30,,,,,0
1803,11,No,No,10,5,,,,,0
1804,11,No,No,11,82,,,,,9
1805,11,No,No,16,1,,,,,1
1806,11,No,No,21,79,,,,,10
1807,11,No,No,21,105,,,,,12
1808,11,No,No,22,142,,,,,10
1809,11,No,No,7,74,,,,,0
1810,11,No,No,23,109,,,,,6
1812,11,No,No,8,34,,,,,8
1813,11,No,No,11,13,,,,,2
1814,11,No,No,23,95,,,,,26
1815,11,No,No,15,63,,,,,1
1816,11,No,No,4,5,,,,,1
1817,11,No,No,14,10,,,,,0
1818,11,No,No,8,0,,,,,0
1819,11,No,No,9,43,,,,,5
1821,11,No,No,15,52,,,,,0
1823,11,No,No,4,36,,,,,1
1826,11,No,No,5,0,,,,,0
1827,11,No,No,13,27,,,,,0
